{"ZxchbOimp9C+Dmz+sJDgmw==":"logo-99x136.png","Zq3HP7LdhZik+epyh4Y01Q==":"imagen1-115x135.png","/ix4Ua3Up55t8UerURxfYw==":"a1bc77_368a5dd2a9aa68fa40f7597f4d4c86e8-540x212.jpg","paLnILOOlRnLYgIV9mJUzQ==":"matilde-960x635.jpg","xHe/GX8X2onoRSvOFGvpcw==":"mesa-1600x900.jpg","XJiAAdff+KcIO58Zlv51wA==":"image2-1092x900.jpg","VNGunWGm91uWAmHZGfDAMw==":"image1-1092x900.jpg","1AAc0tyLvqenj1zfryudbQ==":"image4-1092x900.jpg","gIPsEUc09q7/D137WlPSNA==":"even1-916x1280.png","b+obNzWPCO+BdfIZ1ZehAA==":"even2-1600x1459.png","porV/AW7/Q3f66DmI+dAlw==":"flyer-ademga2.jpgreal-2549x3299.jpg"}